{
  "hash": "93daaa2c",
  "configHash": "57e2f207",
  "lockfileHash": "dad3f21d",
  "browserHash": "e398745f",
  "optimized": {
    "@angular/common": {
      "src": "../../../../../node_modules/@angular/common/fesm2022/common.mjs",
      "file": "@angular_common.js",
      "fileHash": "8aed03fb",
      "needsInterop": false
    },
    "@angular/common/http": {
      "src": "../../../../../node_modules/@angular/common/fesm2022/http.mjs",
      "file": "@angular_common_http.js",
      "fileHash": "a7ec1b22",
      "needsInterop": false
    },
    "@angular/core": {
      "src": "../../../../../node_modules/@angular/core/fesm2022/core.mjs",
      "file": "@angular_core.js",
      "fileHash": "32c8dde5",
      "needsInterop": false
    },
    "@angular/forms": {
      "src": "../../../../../node_modules/@angular/forms/fesm2022/forms.mjs",
      "file": "@angular_forms.js",
      "fileHash": "fce1bfa6",
      "needsInterop": false
    },
    "@angular/material/autocomplete": {
      "src": "../../../../../node_modules/@angular/material/fesm2022/autocomplete.mjs",
      "file": "@angular_material_autocomplete.js",
      "fileHash": "72c3b17e",
      "needsInterop": false
    },
    "@angular/material/button": {
      "src": "../../../../../node_modules/@angular/material/fesm2022/button.mjs",
      "file": "@angular_material_button.js",
      "fileHash": "38ad2ea8",
      "needsInterop": false
    },
    "@angular/material/card": {
      "src": "../../../../../node_modules/@angular/material/fesm2022/card.mjs",
      "file": "@angular_material_card.js",
      "fileHash": "abc40ce4",
      "needsInterop": false
    },
    "@angular/material/core": {
      "src": "../../../../../node_modules/@angular/material/fesm2022/core.mjs",
      "file": "@angular_material_core.js",
      "fileHash": "9fa0f5f9",
      "needsInterop": false
    },
    "@angular/material/dialog": {
      "src": "../../../../../node_modules/@angular/material/fesm2022/dialog.mjs",
      "file": "@angular_material_dialog.js",
      "fileHash": "9d0d6d25",
      "needsInterop": false
    },
    "@angular/material/input": {
      "src": "../../../../../node_modules/@angular/material/fesm2022/input.mjs",
      "file": "@angular_material_input.js",
      "fileHash": "474c79fc",
      "needsInterop": false
    },
    "@angular/material/progress-spinner": {
      "src": "../../../../../node_modules/@angular/material/fesm2022/progress-spinner.mjs",
      "file": "@angular_material_progress-spinner.js",
      "fileHash": "e51de4b6",
      "needsInterop": false
    },
    "@angular/material/tabs": {
      "src": "../../../../../node_modules/@angular/material/fesm2022/tabs.mjs",
      "file": "@angular_material_tabs.js",
      "fileHash": "7e33eb34",
      "needsInterop": false
    },
    "@angular/platform-browser": {
      "src": "../../../../../node_modules/@angular/platform-browser/fesm2022/platform-browser.mjs",
      "file": "@angular_platform-browser.js",
      "fileHash": "f58f0958",
      "needsInterop": false
    },
    "@angular/platform-browser/animations/async": {
      "src": "../../../../../node_modules/@angular/platform-browser/fesm2022/animations/async.mjs",
      "file": "@angular_platform-browser_animations_async.js",
      "fileHash": "39d07422",
      "needsInterop": false
    },
    "@angular/router": {
      "src": "../../../../../node_modules/@angular/router/fesm2022/router.mjs",
      "file": "@angular_router.js",
      "fileHash": "b17d232d",
      "needsInterop": false
    },
    "@ng-bootstrap/ng-bootstrap": {
      "src": "../../../../../node_modules/@ng-bootstrap/ng-bootstrap/fesm2022/ng-bootstrap.mjs",
      "file": "@ng-bootstrap_ng-bootstrap.js",
      "fileHash": "4be0f06c",
      "needsInterop": false
    },
    "highcharts-angular": {
      "src": "../../../../../node_modules/highcharts-angular/fesm2022/highcharts-angular.mjs",
      "file": "highcharts-angular.js",
      "fileHash": "bc1f39b5",
      "needsInterop": false
    },
    "highcharts/highstock": {
      "src": "../../../../../node_modules/highcharts/highstock.js",
      "file": "highcharts_highstock.js",
      "fileHash": "c94260e1",
      "needsInterop": true
    },
    "highcharts/indicators/indicators-all": {
      "src": "../../../../../node_modules/highcharts/indicators/indicators-all.js",
      "file": "highcharts_indicators_indicators-all.js",
      "fileHash": "1f865556",
      "needsInterop": true
    },
    "rxjs": {
      "src": "../../../../../node_modules/rxjs/dist/esm5/index.js",
      "file": "rxjs.js",
      "fileHash": "2228b564",
      "needsInterop": false
    },
    "rxjs/operators": {
      "src": "../../../../../node_modules/rxjs/dist/esm5/operators/index.js",
      "file": "rxjs_operators.js",
      "fileHash": "1530414e",
      "needsInterop": false
    }
  },
  "chunks": {
    "browser-4AJK2GPU": {
      "file": "browser-4AJK2GPU.js"
    },
    "chunk-2PNKGAAI": {
      "file": "chunk-2PNKGAAI.js"
    },
    "chunk-MYRZG5TC": {
      "file": "chunk-MYRZG5TC.js"
    },
    "chunk-NJJ7NSIB": {
      "file": "chunk-NJJ7NSIB.js"
    },
    "chunk-P56CJL6X": {
      "file": "chunk-P56CJL6X.js"
    },
    "chunk-LRLQWD2F": {
      "file": "chunk-LRLQWD2F.js"
    },
    "chunk-KRRL5BHK": {
      "file": "chunk-KRRL5BHK.js"
    },
    "chunk-PGBBPWWF": {
      "file": "chunk-PGBBPWWF.js"
    },
    "chunk-TLS2ZWQH": {
      "file": "chunk-TLS2ZWQH.js"
    },
    "chunk-SR4RDY23": {
      "file": "chunk-SR4RDY23.js"
    },
    "chunk-QWMBLS6P": {
      "file": "chunk-QWMBLS6P.js"
    },
    "chunk-SG3BCSKH": {
      "file": "chunk-SG3BCSKH.js"
    },
    "chunk-SAVXX6OM": {
      "file": "chunk-SAVXX6OM.js"
    },
    "chunk-PQ7O3X3G": {
      "file": "chunk-PQ7O3X3G.js"
    },
    "chunk-WKYGNSYM": {
      "file": "chunk-WKYGNSYM.js"
    }
  }
}